{"cameraMode":{"drawMode":2,"name":"Shaded Wireframe","section":"Shading Mode"},"sceneLighting":false,"audioPlay":false,"sceneViewState":{"showFog":true,"showMaterialUpdate":false,"showSkybox":true,"showFlares":true,"showImageEffects":true,"showParticleSystems":true},"in2DMode":false,"pivot":{"x":-0.00680994987487793,"y":0.0018672943115234376,"z":2.666100025177002},"rotation":{"x":0.19273291528224946,"y":-0.6507959365844727,"z":0.17591354250907899,"w":0.7130029797554016},"size":1.7706578969955445,"orthographic":false}