{"cameraMode":{"drawMode":2,"name":"Shaded Wireframe","section":"Shading Mode"},"sceneLighting":false,"audioPlay":false,"sceneViewState":{"showFog":true,"showMaterialUpdate":false,"showSkybox":true,"showFlares":true,"showImageEffects":true,"showParticleSystems":true},"in2DMode":false,"pivot":{"x":-0.017340630292892457,"y":0.0018672943115234376,"z":2.666100025177002},"rotation":{"x":0.0339699387550354,"y":-0.7758123874664307,"z":0.6286526918411255,"w":0.041917793452739719},"size":1.770715355873108,"orthographic":false}