{"cameraMode":{"drawMode":2,"name":"Shaded Wireframe","section":"Shading Mode"},"sceneLighting":false,"audioPlay":false,"sceneViewState":{"showFog":true,"showMaterialUpdate":false,"showSkybox":true,"showFlares":true,"showImageEffects":true,"showParticleSystems":true},"in2DMode":false,"pivot":{"x":0.002242743968963623,"y":0.0,"z":2.6640000343322756},"rotation":{"x":0.3516983389854431,"y":-0.27110251784324648,"z":0.10718010365962982,"w":0.8895640969276428},"size":2.1476945877075197,"orthographic":false}