{"cameraMode":{"drawMode":2,"name":"Shaded Wireframe","section":"Shading Mode"},"sceneLighting":false,"audioPlay":false,"sceneViewState":{"showFog":true,"showMaterialUpdate":false,"showSkybox":true,"showFlares":true,"showImageEffects":true,"showParticleSystems":true},"in2DMode":false,"pivot":{"x":-0.0066979676485061649,"y":0.010721027851104737,"z":2.6632232666015627},"rotation":{"x":-0.00427302997559309,"y":-0.9917060136795044,"z":0.034226562827825549,"w":-0.1238122284412384},"size":2.178205966949463,"orthographic":false}