{"cameraMode":{"drawMode":2,"name":"Shaded Wireframe","section":"Shading Mode"},"sceneLighting":false,"audioPlay":false,"sceneViewState":{"showFog":true,"showMaterialUpdate":false,"showSkybox":true,"showFlares":true,"showImageEffects":true,"showParticleSystems":true},"in2DMode":false,"pivot":{"x":-3.888216495513916,"y":0.7636759281158447,"z":1.7073782682418824},"rotation":{"x":-0.07133406400680542,"y":-0.9260962009429932,"z":0.22368772327899934,"w":-0.29533228278160097},"size":2.178205966949463,"orthographic":false}