{"cameraMode":{"drawMode":2,"name":"Shaded Wireframe","section":"Shading Mode"},"sceneLighting":false,"audioPlay":false,"sceneViewState":{"showFog":true,"showMaterialUpdate":false,"showSkybox":true,"showFlares":true,"showImageEffects":true,"showParticleSystems":true},"in2DMode":false,"pivot":{"x":0.0006268918514251709,"y":-0.004511982202529907,"z":2.7524771690368654},"rotation":{"x":-0.04172568395733833,"y":0.11157727986574173,"z":-0.00468760821968317,"w":-0.9928684234619141},"size":1.4897477626800538,"orthographic":false}