{"cameraMode":{"drawMode":2,"name":"Shaded Wireframe","section":"Shading Mode"},"sceneLighting":false,"audioPlay":false,"sceneViewState":{"showFog":true,"showMaterialUpdate":false,"showSkybox":true,"showFlares":true,"showImageEffects":true,"showParticleSystems":true},"in2DMode":false,"pivot":{"x":-2.404306411743164,"y":1.282553791999817,"z":-0.22066718339920045},"rotation":{"x":-0.540203332901001,"y":-0.4568922221660614,"z":0.46019691228866579,"w":-0.5363288521766663},"size":1.4289418458938599,"orthographic":false}