{"cameraMode":{"drawMode":2,"name":"Shaded Wireframe","section":"Shading Mode"},"sceneLighting":false,"audioPlay":false,"sceneViewState":{"showFog":true,"showMaterialUpdate":false,"showSkybox":true,"showFlares":true,"showImageEffects":true,"showParticleSystems":true},"in2DMode":false,"pivot":{"x":0.0,"y":-0.00030931830406188965,"z":2.6640000343322756},"rotation":{"x":-0.13471247255802155,"y":-0.8145876526832581,"z":0.5238494873046875,"w":-0.20947854220867158},"size":2.1440024375915529,"orthographic":false}