{"cameraMode":{"drawMode":2,"name":"Shaded Wireframe","section":"Shading Mode"},"sceneLighting":false,"audioPlay":false,"sceneViewState":{"showFog":true,"showMaterialUpdate":false,"showSkybox":true,"showFlares":true,"showImageEffects":true,"showParticleSystems":true},"in2DMode":false,"pivot":{"x":-0.015227720141410828,"y":0.0018672943115234376,"z":2.666100025177002},"rotation":{"x":0.076449915766716,"y":-0.8341707587242127,"z":0.5329124331474304,"w":0.11966244876384735},"size":1.7705038785934449,"orthographic":false}