{"cameraMode":{"drawMode":2,"name":"Shaded Wireframe","section":"Shading Mode"},"sceneLighting":false,"audioPlay":false,"sceneViewState":{"showFog":true,"showMaterialUpdate":false,"showSkybox":true,"showFlares":true,"showImageEffects":true,"showParticleSystems":true},"in2DMode":false,"pivot":{"x":-1.2425005435943604,"y":0.18405574560165406,"z":1.4200830459594727},"rotation":{"x":-0.00427302997559309,"y":-0.9917060136795044,"z":0.034226562827825549,"w":-0.1238122284412384},"size":7.774105548858643,"orthographic":false}