{"cameraMode":{"drawMode":2,"name":"Shaded Wireframe","section":"Shading Mode"},"sceneLighting":false,"audioPlay":false,"sceneViewState":{"showFog":true,"showMaterialUpdate":false,"showSkybox":true,"showFlares":true,"showImageEffects":true,"showParticleSystems":true},"in2DMode":false,"pivot":{"x":0.18788307905197144,"y":1.0779696702957154,"z":2.956022262573242},"rotation":{"x":-0.022677132859826089,"y":-0.9744895100593567,"z":0.19095195829868318,"w":-0.11572907119989395},"size":2.5073864459991457,"orthographic":false}