{"cameraMode":{"drawMode":2,"name":"Shaded Wireframe","section":"Shading Mode"},"sceneLighting":false,"audioPlay":false,"sceneViewState":{"showFog":true,"showMaterialUpdate":false,"showSkybox":true,"showFlares":true,"showImageEffects":true,"showParticleSystems":true},"in2DMode":false,"pivot":{"x":0.026203826069831849,"y":0.0017412006855010987,"z":2.666100025177002},"rotation":{"x":0.19273291528224946,"y":-0.6507959365844727,"z":0.17591354250907899,"w":0.7130029797554016},"size":1.7351679801940919,"orthographic":false}