{"cameraMode":{"drawMode":2,"name":"Shaded Wireframe","section":"Shading Mode"},"sceneLighting":false,"audioPlay":false,"sceneViewState":{"showFog":true,"showMaterialUpdate":false,"showSkybox":true,"showFlares":true,"showImageEffects":true,"showParticleSystems":true},"in2DMode":false,"pivot":{"x":-0.050000011920928958,"y":0.004049509763717651,"z":7.979448318481445},"rotation":{"x":0.35219672322273257,"y":0.019651496782898904,"z":-0.007396616507321596,"w":0.9356904625892639},"size":3.1687192916870119,"orthographic":false}