{"cameraMode":{"drawMode":2,"name":"Shaded Wireframe","section":"Shading Mode"},"sceneLighting":false,"audioPlay":false,"sceneViewState":{"showFog":true,"showMaterialUpdate":false,"showSkybox":true,"showFlares":true,"showImageEffects":true,"showParticleSystems":true},"in2DMode":false,"pivot":{"x":0.003337293863296509,"y":0.0018672943115234376,"z":2.666100025177002},"rotation":{"x":0.01507589127868414,"y":-0.7416434288024902,"z":0.6704176664352417,"w":0.01667318493127823},"size":1.770382285118103,"orthographic":false}