{"cameraMode":{"drawMode":2,"name":"Shaded Wireframe","section":"Shading Mode"},"sceneLighting":false,"audioPlay":false,"sceneViewState":{"showFog":true,"showMaterialUpdate":false,"showSkybox":true,"showFlares":true,"showImageEffects":true,"showParticleSystems":true},"in2DMode":false,"pivot":{"x":-0.0066979676485061649,"y":0.010721027851104737,"z":2.6632232666015627},"rotation":{"x":0.3516983389854431,"y":-0.27110251784324648,"z":0.10718010365962982,"w":0.8895640969276428},"size":2.178205966949463,"orthographic":false}