{"cameraMode":{"drawMode":2,"name":"Shaded Wireframe","section":"Shading Mode"},"sceneLighting":false,"audioPlay":false,"sceneViewState":{"showFog":true,"showMaterialUpdate":false,"showSkybox":true,"showFlares":true,"showImageEffects":true,"showParticleSystems":true},"in2DMode":false,"pivot":{"x":-0.018954753875732423,"y":0.0018769800662994385,"z":2.666100025177002},"rotation":{"x":0.04603888466954231,"y":-0.7548516988754273,"z":0.6521040797233582,"w":0.053288783878088},"size":1.7714653015136719,"orthographic":false}