{"cameraMode":{"drawMode":2,"name":"Shaded Wireframe","section":"Shading Mode"},"sceneLighting":false,"audioPlay":false,"sceneViewState":{"showFog":true,"showMaterialUpdate":false,"showSkybox":true,"showFlares":true,"showImageEffects":true,"showParticleSystems":true},"in2DMode":false,"pivot":{"x":-0.0066979676485061649,"y":0.010721027851104737,"z":2.6632232666015627},"rotation":{"x":-0.2903318405151367,"y":0.6865630149841309,"z":-0.35221102833747866,"w":-0.5659381747245789},"size":2.178205966949463,"orthographic":false}