{"cameraMode":{"drawMode":2,"name":"Shaded Wireframe","section":"Shading Mode"},"sceneLighting":false,"audioPlay":false,"sceneViewState":{"showFog":true,"showMaterialUpdate":false,"showSkybox":true,"showFlares":true,"showImageEffects":true,"showParticleSystems":true},"in2DMode":false,"pivot":{"x":-0.0066979676485061649,"y":0.010721027851104737,"z":2.6632232666015627},"rotation":{"x":-0.012002956122159958,"y":-0.8620593547821045,"z":0.5062528252601624,"w":-0.020438961684703828},"size":2.178205966949463,"orthographic":false}